xi,mode_1,mode_2,mode_3,mode_4,mode_5,mode_6,mode_7,mode_8,mode_9,mode_10,mode_11,mode_12,mode_13,mode_14,mode_15,mode_16,mode_17,mode_18,mode_19,mode_20,mode_21,mode_22,mode_23,mode_24
  0.0000000000000000E+00,  9.7891807890845151E-01, -7.5707165394315046E-01, -1.0000000000000000E+00,  3.8694207741277625E-01, -5.5552644056149669E-01, -1.0000000000000000E+00, -1.0000000000000000E+00,  3.0853797254620391E-01, -5.9719016196124908E-01, -1.0000000000000000E+00, -1.0000000000000000E+00,  2.8969143341536874E-01, -6.1367487034288237E-01, -1.0000000000000000E+00, -1.0000000000000000E+00,  2.7472063557245824E-01, -6.2312815501914542E-01, -1.0000000000000000E+00, -1.0000000000000000E+00,  2.6429886077339482E-01, -6.2982926645735993E-01, -1.0000000000000000E+00, -1.0000000000000000E+00,  2.5667645056012439E-01
  5.0000000000000003E-02,  9.2727981522450209E-01, -7.1453773261981413E-01, -9.3436324510175073E-01,  3.4485321611543518E-01, -4.6173780760688149E-01, -7.9204266819483182E-01, -7.6431853234476865E-01,  2.2283731561724557E-01, -3.9937690798560471E-01, -6.3960383240353913E-01, -6.1362521030244332E-01,  1.6580504568221172E-01, -3.1543191764624207E-01, -4.8586299182446868E-01, -4.5930465410802235E-01,  1.1520104227367835E-01, -2.2499873831566708E-01, -3.3451844467052072E-01, -3.0804693384403781E-01,  7.1223059482236631E-02, -1.3366167821224040E-01, -1.8720644118725244E-01, -1.6127282354255054E-01,  3.1939545813941567E-02
  1.0000000000000001E-01,  8.7564738262884045E-01, -6.7201409701512271E-01, -8.6876230954258815E-01,  3.0282904371504099E-01, -3.6823049166055632E-01, -5.8504299764225853E-01, -5.3014419707338678E-01,  1.3804037933026464E-01, -2.0515872232785315E-01, -2.8759906125929591E-01, -2.3822735498329328E-01,  4.6599464294274105E-02, -3.3276500775073249E-02, -4.1481318360418575E-03,  4.2191033638420958E-02, -3.0238831286334807E-02,  1.2745489065027077E-01,  2.4564211124090890E-01,  2.8526194755762629E-01, -8.9969162442735409E-02,  2.6207161403385587E-01,  4.4664067946375879E-01,  4.7656525590772775E-01, -1.3240544094776180E-01
  1.5000000000000002E-01,  8.2403544780730797E-01, -6.2952657986285010E-01, -8.0328678273584742E-01,  2.6102822478191284E-01, -2.7567463671893511E-01, -3.8123628390492864E-01, -3.0094199282251005E-01,  5.6175341883637757E-02, -2.2343077427009157E-02,  3.8134324370422086E-02,  1.0321461554831117E-01, -5.8412480242608131E-02,  2.0154428523208054E-01,  3.8362826842462738E-01,  4.3181192224197534E-01, -1.3643957200851145E-01,  3.5725590474686969E-01,  6.0077919450411887E-01,  6.2321852094173025E-01, -1.7095006812774691E-01,  4.1641504714507793E-01,  6.5945958344303368E-01,  6.5250747475956028E-01, -1.6260216406165898E-01
  2.0000000000000001E-01,  7.7246782591321683E-01, -5.8711705181940699E-01, -7.3808114548014292E-01,  2.1970046787180550E-01, -1.8508513481958619E-01, -1.8391323807197213E-01, -8.1702930034582774E-02, -1.9940014378047377E-02,  1.3877199178737296E-01,  3.1474838092604285E-01,  3.8222082797776963E-01, -1.3805692666485317E-01,  3.5544573651876482E-01,  6.1453723439776964E-01,  6.3894330709905789E-01, -1.8101585114488239E-01,  4.0596687171031293E-01,  6.3384076458626404E-01,  6.0755714547153017E-01, -1.4650271988042324E-01,  2.8024480527069301E-01,  3.8701153247106479E-01,  3.2125083996080367E-01, -5.6294634812049715E-02
  2.5000000000000000E-01,  7.2097694138693302E-01, -5.4484240765554792E-01, -6.7334063461179028E-01,  1.7917397238132038E-01, -9.7735168166610528E-02,  2.9463572028850535E-03,  1.2171230363064549E-01, -8.7162250090070767E-02,  2.6757619767000718E-01,  5.1990471718587694E-01,  5.7240471955009742E-01, -1.8299809037957326E-01,  4.0552181935399179E-01,  6.5114645179762765E-01,  6.2810046152032839E-01, -1.5635162360814486E-01,  2.7181591910809833E-01,  3.5988651768982188E-01,  2.7589432927919688E-01, -3.7686786233875738E-02, -4.3223641338737198E-02, -1.6161129518042155E-01, -2.5588950423927725E-01,  9.8131298080780777E-02
  3.0000000000000004E-01,  6.6960328925341328E-01, -5.0277355436903803E-01, -6.0930712524384500E-01,  1.3984302154199885E-01, -1.5071631706024340E-02,  1.7502809878572573E-01,  3.0320062732004555E-01, -1.4245313390910111E-01,  3.5506366339806167E-01,  6.3641768866106896E-01,  6.5566688866299816E-01, -1.8838723027935719E-01,  3.4806756656303284E-01,  4.9754441930416299E-01,  4.1653915215365134E-01, -7.4669678645911258E-02,  1.8084957864102205E-02, -8.6622356163222086E-02, -2.0053236785373188E-01,  9.4478403644301920E-02, -3.4768409628074382E-01, -6.1623075386036064E-01, -6.6629554546735570E-01,  1.8096700816826591E-01
  3.5000000000000003E-01,  6.1839489723547725E-01, -4.6099440257208923E-01, -5.4626504288377697E-01,  1.0215581959076467E-01,  6.1366385563623171E-02,  3.2801845475488906E-01,  4.5699825734708005E-01, -1.8325991744323097E-01,  3.9536415937124758E-01,  6.5569636301258027E-01,  6.2641669267907507E-01, -1.5535975774759037E-01,  2.0138755050586701E-01,  2.0200014314139236E-01,  7.3558413369214273E-02,  3.4617076280073586E-02, -2.4830473103781472E-01, -5.0336975375260629E-01, -5.8985833221339024E-01,  1.7877700198002355E-01, -4.4341282104538038E-01, -6.7561676652041891E-01, -6.2049131503067534E-01,  1.2843553620739237E-01
  4.0000000000000002E-01,  5.6740678910500042E-01, -4.1960086284176112E-01, -4.8453732066896560E-01,  6.6602691032028538E-02,  1.3002471921812001E-01,  4.5791362138603908E-01,  5.7819954231292015E-01, -2.0782806366035203E-01,  3.8678365716271618E-01,  5.7970260655440109E-01,  4.9342922741308676E-01, -9.1224470426308643E-02,  2.7066304639303249E-03, -1.5341840124444381E-01, -2.9700436137001068E-01,  1.3389346644125769E-01, -4.1766420422678424E-01, -7.0477399787676343E-01, -7.0501298690852121E-01,  1.7009198258256303E-01, -2.7021727779531418E-01, -2.9854139537472485E-01, -1.4765608316689929E-01, -2.0456985435043179E-02
  4.5000000000000001E-01,  5.1670044977284235E-01, -3.7869984903185117E-01, -4.2448141964787928E-01,  3.3704776133926827E-02,  1.8940541968089636E-01,  5.6129406368388934E-01,  6.6319662644341759E-01, -2.1543217540879886E-01,  3.3228567840442380E-01,  4.2128467143190368E-01,  2.7921857114942561E-01, -8.3844968832780808E-03, -1.9980685112847135E-01, -4.7294776173294945E-01, -5.8527631729331842E-01,  1.8940130381993905E-01, -4.2052180488241919E-01, -6.0105000093385930E-01, -4.8996425103507685E-01,  7.2570725274155118E-02,  6.7087675940722194E-02,  2.7141222813148658E-01,  4.2647807486198991E-01, -1.5378866104990160E-01
  5.0000000000000000E-01,  4.6634329269150848E-01, -3.3840829083133211E-01, -3.6648543246870630E-01,  4.0033694877405074E-03,  2.3813077083459941E-01,  6.3555760564686536E-01,  7.1002605293860266E-01, -2.0651534271405697E-01,  2.3939402737181517E-01,  2.0292061033163175E-01,  1.7122861224675389E-02,  7.7768214980838399E-02, -3.5786713265692266E-01, -6.7134010717174974E-01, -7.0617797304907881E-01,  1.8220207765725552E-01, -2.5495882931219899E-01, -2.3641481247099666E-01, -4.5199761801948152E-02, -6.2786863621218353E-02,  3.6314672499238404E-01,  6.6480988229474347E-01,  7.0558064873746895E-01, -1.7122846484073131E-01
  5.5000000000000004E-01,  4.1640813021191220E-01, -2.9885215811684335E-01, -3.1096429301936396E-01, -2.1949942244790448E-02,  2.7499864513595479E-01,  6.7910497706050710E-01,  7.1861210440952694E-01, -1.8273290652649538E-01,  1.1955235829040811E-01, -4.5913433874723381E-02, -2.5340194502104779E-01,  1.5157602332958750E-01, -4.3411361564953987E-01, -6.9563960934940372E-01, -6.2341164776537039E-01,  1.1430522166077887E-01,  1.2950801185205777E-02,  2.3065749849177908E-01,  4.2002541177600999E-01, -1.6498764820837419E-01,  4.3753138251795787E-01,  6.2653707961077720E-01,  4.9701154667471481E-01, -5.9699540926267121E-02
  6.0000000000000009E-01,  3.6697264759768361E-01, -2.6016549988595233E-01, -2.5835611649946111E-01, -4.3602181172961593E-02,  2.9902791456528288E-01,  6.9147318250641221E-01,  6.9090135400392061E-01, -1.4690320607238525E-01, -1.2970208242940422E-02, -2.9237506634812982E-01, -4.9254536825480283E-01,  1.9994959245831892E-01, -4.1073260536454664E-01, -5.3870285103834392E-01, -3.5951326488829377E-01,  7.8645734260084730E-03,  2.7591658786235818E-01,  5.9674497574619478E-01,  6.8639293488580289E-01, -1.8031506094060454E-01,  2.4485232386986122E-01,  1.8156204706957998E-01, -5.4837019497457971E-02,  9.6718994701996436E-02
  6.5000000000000002E-01,  3.1811888145678713E-01, -2.2248950077366472E-01, -2.0911869610197906E-01, -6.0406752242046065E-02,  3.0949279951133951E-01,  6.7341385019398081E-01,  6.3088827405952608E-01, -1.0287469832620116E-01, -1.4249196640161221E-01, -5.0439637403349502E-01, -6.6609449252445296E-01,  2.1479764224832237E-01, -2.9361831515335385E-01, -2.4084701917880427E-01,  1.1062605766164418E-02, -1.0233742683185659E-01,  4.2874901838546658E-01,  7.0224333988304577E-01,  6.2774856188943140E-01, -1.0046367728666716E-01, -9.7578876405908829E-02, -3.8117927539104340E-01, -5.6814569419053063E-01,  1.8006596083207602E-01
  7.0000000000000007E-01,  2.6993270340120218E-01, -1.8597155834752777E-01, -1.6372618394874547E-01, -7.1829924681675469E-02,  3.0594524278384932E-01,  6.2691574966735486E-01,  5.4453750898721853E-01, -5.5325387670980421E-02, -2.5348120356543336E-01, -6.5478648955299312E-01, -7.5069927979211104E-01,  1.9462215985015419E-01, -1.1110097849223159E-01,  1.2086401354831007E-01,  3.8395299899570229E-01, -1.8067109907274267E-01,  4.1088127258124391E-01,  5.0093411846003910E-01,  2.7018221420660921E-01,  3.3253889398799384E-02, -3.8142012128199443E-01, -6.9624950565915433E-01, -6.8723141969919499E-01,  1.2723490353869460E-01
  7.5000000000000000E-01,  2.2250330979082339E-01, -1.5076438454709082E-01, -1.2266598516898977E-01, -7.7355856851602955E-02,  2.8822463304013396E-01,  5.5517283985421984E-01,  4.3961425523394554E-01, -9.5163110952882317E-03, -3.3208298494169086E-01, -7.2476198928748314E-01, -7.3769922789400189E-01,  1.4501361526585788E-01,  9.2435270352737020E-02,  4.5294754109884283E-01,  6.5579691857662259E-01, -2.0286466298893430E-01,  2.3109871339070834E-01,  8.0024997680894217E-02, -2.2104693150879950E-01,  1.5192212152189780E-01, -4.3468214905182845E-01, -5.5878803959792711E-01, -3.2765652668586093E-01, -2.2770087811619478E-02
  8.0000000000000004E-01,  1.7592271845785759E-01, -1.1702513478177796E-01, -8.6435895046119510E-02, -7.6490004292931707E-02,  2.5645445983878673E-01,  4.6250142233106140E-01,  3.2543980941714157E-01,  2.8974491019479107E-02, -3.6742638566117408E-01, -7.0645248923896498E-01, -6.3499909239628072E-01,  7.7998164237191095E-02,  2.6649643840331411E-01,  6.7018903738651348E-01,  7.5536288700136411E-01, -1.6470045997110178E-01, -3.5303022794307276E-02, -3.7812431388801859E-01, -6.2098247241285298E-01,  1.9590208253720037E-01, -2.2736532412031832E-01, -5.7227189184012886E-02,  2.6707984146682695E-01, -1.5889635023667834E-01
  8.5000000000000009E-01,  1.3028527334271522E-01, -8.4914568328254336E-02, -5.5541509997743384E-02, -6.8760756089494751E-02,  2.1102574949447023E-01,  3.5421213157271392E-01,  2.1259448464999053E-01,  5.4507783768192569E-02, -3.5254814021694714E-01, -6.0406894734194427E-01, -4.6680538429902235E-01,  1.0422791128895711E-02,  3.6555843259782661E-01,  7.1831433797770605E-01,  6.6630161370726648E-01, -8.4530663519355551E-02, -2.7549131832627372E-01, -6.7602718355268399E-01, -7.5423391960839958E-01,  1.4763677677686149E-01,  1.0856090948890258E-01,  4.8468487309812613E-01,  6.9775133786196131E-01, -1.8336535710454241E-01
  9.0000000000000002E-01,  8.5687158001961625E-02, -5.4596243774509078E-02, -3.0493943813374048E-02, -5.3719150957427519E-02,  1.5256739471507488E-01,  2.3644450324964134E-01,  1.1259454208555884E-01,  6.1597174891595476E-02, -2.8480380258338933E-01, -4.3360407208504409E-01, -2.7140094650462471E-01, -3.8222779446623778E-02,  3.5852013365822027E-01,  5.8883875720573031E-01,  4.3562151922140374E-01,  8.3215568657887568E-04, -3.8199280696292931E-01, -6.8820984375148819E-01, -5.8424510103340188E-01,  4.4037965680515705E-02,  3.5587642800277541E-01,  7.1934192917765072E-01,  6.9455599720927252E-01, -8.9425998822175570E-02
  9.5000000000000007E-01,  4.2225918973052320E-02, -2.6235753343969010E-02, -1.1807881070252917E-02, -3.0936531278730389E-02,  8.1903739325974514E-02,  1.1597364253763243E-01,  3.7573390664138819E-02,  4.5049440403805346E-02, -1.6568348529596183E-01, -2.2113563660540220E-01, -9.7495226121446663E-02, -4.7988222704132173E-02,  2.3403420010617090E-01,  3.2239866838028181E-01,  1.6657986942869893E-01,  4.4781467189370226E-02, -2.9120280454748326E-01, -4.1797276875474060E-01, -2.4391539250071478E-01, -3.6219836419565762E-02,  3.3618762825574033E-01,  5.0392201117298840E-01,  3.2534324771258272E-01,  2.3496939231496396E-02
  1.0000000000000000E+00,  0.0000000000000000E+00,  0.0000000000000000E+00,  0.0000000000000000E+00,  0.0000000000000000E+00,  0.0000000000000000E+00,  0.0000000000000000E+00,  0.0000000000000000E+00,  0.0000000000000000E+00,  0.0000000000000000E+00,  0.0000000000000000E+00,  0.0000000000000000E+00,  0.0000000000000000E+00,  0.0000000000000000E+00,  0.0000000000000000E+00,  0.0000000000000000E+00,  0.0000000000000000E+00,  0.0000000000000000E+00,  0.0000000000000000E+00,  0.0000000000000000E+00,  0.0000000000000000E+00,  0.0000000000000000E+00,  0.0000000000000000E+00,  0.0000000000000000E+00,  0.0000000000000000E+00
  1.0500000000000000E+00, -4.0893668048697845E-02,  2.3982651451379931E-02,  4.6026765771882572E-03,  3.9123518130707552E-02, -9.1540862671186399E-02, -1.0494416836167079E-01,  8.5768889780156541E-03, -7.5153026752152477E-02,  2.0112449023807363E-01,  1.9613192102945579E-01, -1.9034539167691527E-02,  1.1253806096532247E-01, -3.0888666852871177E-01, -2.8318476667464498E-01,  4.5760915991569527E-02, -1.5148103817267125E-01,  4.1591472798093249E-01,  3.6556472753514441E-01, -8.2471480719607637E-02,  1.9025189671194281E-01, -5.1839726505726669E-01, -4.3992038628082109E-01,  1.2717169181670465E-01, -2.2774881805598776E-01
  1.1000000000000001E+00, -8.0365976731977012E-02,  4.5740518144801338E-02,  2.4349452230518430E-03,  8.4983788965460480E-02, -1.8886600612704543E-01, -1.9583754130804734E-01,  5.6459453390285179E-02, -1.6990853716554552E-01,  4.0900087808822505E-01,  3.4713072484230267E-01, -1.2605032535830665E-01,  2.5369171434624083E-01, -6.0048289886704642E-01, -4.6415384070710625E-01,  2.2886438329890565E-01, -3.2643340082774613E-01,  7.4794856421650624E-01,  5.3729980110367015E-01, -3.3740688772147920E-01,  3.7814685359009720E-01, -8.3213716798898363E-01, -5.5570602959952309E-01,  4.3517646404155852E-01, -4.0266446267321654E-01
  1.1500000000000001E+00, -1.1833019856227740E-01,  6.5341653448684880E-02, -5.8777041039285239E-03,  1.3577174615584869E-01, -2.8764630689498921E-01, -2.7072229510427737E-01,  1.3295419253045115E-01, -2.7117941867323631E-01,  5.9296295610970318E-01,  4.3947962067290181E-01, -2.7598013482649775E-01,  3.8073007838153389E-01, -7.8547826314972935E-01, -5.0705056190299125E-01,  4.3330260027410461E-01, -4.3398168269183374E-01,  8.2298624163475598E-01,  4.5722189893380316E-01, -5.3827597561653995E-01,  4.1406843980055563E-01, -6.8838846121716990E-01, -2.9395019535578981E-01,  5.5643056738370100E-01, -3.2264696489130162E-01
  1.2000000000000002E+00, -1.5470044305930417E-01,  8.2855193761497428E-02, -1.9709692308732131E-02,  1.8970411703331133E-01, -3.8372961417008233E-01, -3.2798876630256574E-01,  2.2754357496822128E-01, -3.6685321302728185E-01,  7.2721614500598897E-01,  4.6540186641242004E-01, -4.2676116575858419E-01,  4.5944836257464122E-01, -8.0765141916850469E-01, -4.0748172322729537E-01,  5.6340929541106521E-01, -4.2014796562600332E-01,  5.9007487477719911E-01,  1.6885142352718052E-01, -5.3763052218760721E-01,  2.5485299026218267E-01, -1.4724212547141488E-01,  1.6595351962370725E-01,  3.4149017076543370E-01, -1.9306156571626858E-02
  1.2500000000000000E+00, -1.8939205323626651E-01,  9.8351826572581291E-02, -3.8435869781332614E-02,  2.4503860052464405E-01, -4.7323254336531384E-01, -3.6650993727461106E-01,  3.3010084590444932E-01, -4.4635784524329097E-01,  7.9299852626003808E-01,  4.2441001621036073E-01, -5.4255860949233714E-01,  4.6828395062912148E-01, -6.5384282652908499E-01, -1.9552487413801789E-01,  5.6035655062729584E-01, -2.7938825724097271E-01,  1.3195283924721243E-01, -1.9771068950892168E-01, -3.0955632777745468E-01, -2.7543463454552351E-02,  4.7365255508181925E-01,  5.2134493190611142E-01, -8.8941683856431419E-02,  2.9054400487235743E-01
  1.3000000000000000E+00, -2.2232198543498941E-01,  1.1190420870819304E-01, -6.1432383745146847E-02,  3.0008999235575806E-01, -5.5262978766522863E-01, -3.8574431229165174E-01,  4.3115702556765728E-01, -5.0119691296427005E-01,  7.8015806188788228E-01,  3.2374560096868732E-01, -5.9703183444195140E-01,  4.0086481747197533E-01, -3.5508928097215553E-01,  7.1015668241310281E-02,  4.1268354046873007E-01, -5.2864906422350907E-02, -3.7291335533823405E-01, -4.8043280564485596E-01,  5.1522749676969619E-02, -2.9046524479264241E-01,  8.0119343396074516E-01,  5.3973528760543643E-01, -4.4919396294086095E-01,  3.7826541137595465E-01
  1.3500000000000001E+00, -2.5340917162610466E-01,  1.2358733645139235E-01, -8.8077854843386982E-02,  3.5324673460215089E-01, -6.1883732734096875E-01, -3.8580518376729611E-01,  5.2219112233280929E-01, -5.2539478480508028E-01,  6.8792348994245567E-01,  1.7770219480157748E-01, -5.7584719941018558E-01,  2.6627322785254787E-01,  2.1816251424692401E-02,  3.2103904924148130E-01,  1.5586215362138964E-01,  1.8722770559053439E-01, -7.2454593446518822E-01, -5.5493505251537201E-01,  3.8197729653476797E-01, -3.9858757231754910E-01,  6.3811839445973673E-01,  2.0839657108272491E-01, -4.9529591006167811E-01,  1.7971975616503968E-01
  1.4000000000000001E+00, -2.8257486330734805E-01,  1.3347886927122984E-01, -1.1775482355949214E-01,  4.0298738382961052E-01, -6.6928625073156767E-01, -3.6749533350164920E-01,  5.9591648580324363E-01, -5.1580350172160994E-01,  5.2474832983242592E-01,  5.9531612336868349E-03, -4.7785282405297125E-01,  8.6810051384832471E-02,  3.9065698043684371E-01,  4.8831311382092601E-01, -1.4010989523381612E-01,  3.6277153923045591E-01, -7.8315002979034076E-01, -3.8817712172221214E-01,  5.2935573331789454E-01, -2.9643980637633965E-01,  8.4989065562111540E-02, -2.5795270035882545E-01, -1.9750991100412396E-01, -1.5474852727364607E-01
  1.4500000000000002E+00, -3.0974295615357633E-01,  1.4165940895231260E-01, -1.4985142722691763E-01,  4.4789651420315857E-01, -7.0198431229967639E-01, -3.3230738354411188E-01,  6.4653894775782628E-01, -4.7223771235024692E-01,  3.0721840778310378E-01, -1.6887746033028364E-01, -3.1459643441753204E-01, -1.0644485209881405E-01,  6.6637860526153070E-01,  5.2851946884910683E-01, -3.9216495643280685E-01,  4.1630611472568008E-01, -5.2599776291353251E-01, -5.2596927343209768E-02,  4.2584165301674781E-01, -3.8238491523141155E-02, -5.2037982522063531E-01, -5.5677308269548964E-01,  2.3745561990397157E-01, -3.7288148153788359E-01
  1.5000000000000000E+00, -3.3484029459631093E-01,  1.4821273597921464E-01, -1.8376326863368206E-01,  4.8667959900313140E-01, -7.1556283330892889E-01, -2.8239124367971030E-01,  6.6996593283863903E-01, -3.9741982739690040E-01,  5.8122393458900724E-02, -3.2407307745269065E-01, -1.0815849004934040E-01, -2.7954477389154936E-01,  7.8522867600296653E-01,  4.3065712254160288E-01, -5.2885713730715744E-01,  3.3045666164305082E-01, -5.6925195546958268E-02,  3.0558766545650123E-01,  1.2102186756095624E-01,  2.4020606416299925E-01, -8.0859450927318033E-01, -4.9419706847628475E-01,  5.0860853827920682E-01, -3.1025021892556548E-01
  1.5500000000000000E+00, -3.5779695553830659E-01,  1.5322600510028220E-01, -2.1889543758270097E-01,  5.1817644580590616E-01, -7.0930708804317899E-01, -2.2049133599831428E-01,  6.6394998675074390E-01, -2.9673428448504047E-01, -1.9611902165779035E-01, -4.3973483776334948E-01,  1.1244709184875906E-01, -4.0203994049329916E-01,  7.1980986447573947E-01,  2.1977934430569371E-01, -5.1137991557287310E-01,  1.3386190806914500E-01,  4.3522125046564614E-01,  5.3015256813574763E-01, -2.4105037503859494E-01,  3.9256428612032557E-01, -6.0380331715471436E-01, -1.1093402679284263E-01,  4.2840906509984150E-01, -1.4010481193603345E-02
  1.6000000000000001E+00, -3.7854651043927073E-01,  1.5678990207102744E-01, -2.5466464724220589E-01,  5.4137279685738837E-01, -6.8316889946182069E-01, -1.4985745259447195E-01,  6.2815502869550521E-01, -1.7780620753326212E-01, -4.2839634986447978E-01, -5.0136582642396332E-01,  3.1582011648981223E-01, -4.5267735893562822E-01,  4.8556947875661116E-01, -4.9688343624108240E-02, -3.4496333325451173E-01, -1.0831673319581686E-01,  7.5239907441391862E-01,  5.2293157292424031E-01, -4.8947668814701112E-01,  3.3864060221554876E-01, -3.0877408726501736E-02,  3.4408677495151291E-01,  5.2278880641240921E-02,  2.9263662381641498E-01
  1.6500000000000001E+00, -3.9702626504268385E-01,  1.5899876365771906E-01, -2.9050144772119013E-01,  5.5540974645750973E-01, -6.3776077739696257E-01, -7.4134166048629199E-02,  5.6413890060695937E-01, -4.9934751244057184E-02, -6.1391504220799098E-01, -5.0179792068927553E-01,  4.7303187492406035E-01, -4.2343601325601338E-01,  1.3723090382784889E-01, -3.0834160291667617E-01, -7.7420685859817498E-02, -3.1613729128840912E-01,  7.6691601121930919E-01,  2.8648179417818309E-01, -5.0684423618738550E-01,  1.0630986775499474E-01,  5.6075213842369132E-01,  5.7517830909922329E-01, -3.5970832021497157E-01,  3.7852463259790897E-01
  1.7000000000000002E+00, -4.1317747605011551E-01,  1.5995066306586955E-01, -3.2585248004001333E-01,  5.5959067093368597E-01, -5.7433155329282226E-01,  2.7653832449114567E-03,  4.7525123893879700E-01,  7.6575945034910886E-02, -7.3293967450399011E-01, -4.4222010324235100E-01,  5.6210351449621376E-01, -3.2119926927953313E-01, -2.4398964194174155E-01, -4.9019145914841317E-01,  2.1471876064034207E-01, -4.2166705672978388E-01,  4.7269424536563531E-01, -7.7308741830768635E-02, -2.8433627672013601E-01, -1.8335065275275553E-01,  8.1016222749394595E-01,  4.3157632891826425E-01, -5.2248208605795765E-01,  1.7849322939926920E-01
  1.7500000000000000E+00, -4.2694554408842428E-01,  1.5974746304535539E-01, -3.6018273454098620E-01,  5.5338541335665636E-01, -4.9472408088971553E-01,  7.6794791995679845E-02,  3.6645109730758041E-01,  1.9113582524797931E-01, -7.7298585044753354E-01, -3.3218918603393693E-01,  5.7146935866584547E-01, -1.6680184938399759E-01, -5.6939459315588015E-01, -5.5032776599518429E-01,  4.4850870027628315E-01, -3.9198473931186045E-01, -1.2390016583583510E-02, -4.1219491048850215E-01,  7.4439475482549089E-02, -3.8007107475306817E-01,  5.6495557967782173E-01,  4.7414339087933199E-03, -3.2273891827838319E-01, -1.5792929121180663E-01
  1.8000000000000000E+00, -4.3828018235638760E-01,  1.5849483901287528E-01, -3.9297777880038548E-01,  5.3643151379769882E-01, -4.0131616494383365E-01,  1.4391177894884738E-01,  2.4405385946139771E-01,  2.8357995672839131E-01, -7.3022683315157111E-01, -1.8864320538637244E-01,  5.0194245813485872E-01,  8.3205091059411641E-03, -7.6361289587053649E-01, -4.7735540206727334E-01,  5.5894381884122091E-01, -2.4089152043069928E-01, -4.9407704745945086E-01, -5.7678668466022298E-01,  4.0287415426518786E-01, -3.8422813043243109E-01, -2.6004436990644031E-02, -4.3228053464310884E-01,  1.0337821383923554E-01, -3.8014781249710933E-01
  1.8500000000000001E+00, -4.4713556038070351E-01,  1.5630227462286678E-01, -4.2374592126248162E-01,  5.0853232581960572E-01, -2.9694643335989646E-01,  2.0021039803717439E-01,  1.1542157362517733E-01,  3.4481185548798887E-01, -6.0996755945086034E-01, -3.4077298074981860E-02,  3.6692889608214935E-01,  1.6719088566234541E-01, -7.8236454631599950E-01, -2.9754791364668975E-01,  5.1847279967850179E-01, -2.5705712311295249E-02, -7.8015562111538983E-01, -5.0834558925061546E-01,  5.5106682105427085E-01, -2.0118961915215791E-01, -6.0383239465556360E-01, -6.0500639421940738E-01,  4.6586275033808039E-01, -3.2769127757451272E-01
  1.9000000000000001E+00, -4.5347042235616825E-01,  1.5328303230879414E-01, -4.5202027811548096E-01,  4.6965191014870489E-01, -1.8482736638605279E-01,  2.4204083383491790E-01, -1.1385289745561274E-02,  3.6732176857250087E-01, -4.2614095825217202E-01,  1.0583491666864958E-01,  1.9090999169290543E-01,  2.7302272310460624E-01, -6.2307005095290469E-01, -6.9955247795901454E-02,  3.4626169331654716E-01,  1.6930593685953982E-01, -7.5836561782738199E-01, -2.5437046658963358E-01,  4.5889780238448130E-01,  5.7161189311464224E-02, -8.1950215510109659E-01, -4.2236333069721121E-01,  5.2479269156052444E-01, -5.7048204200766776E-02
  1.9500000000000002E+00, -4.5724817959147873E-01,  1.4955410140758160E-01, -4.7736071236520383E-01,  4.1990664615866902E-01, -6.8448125767784557E-02,  2.6610977539000452E-01, -1.2797366514362135E-01,  3.4552855663491805E-01, -1.9988937235306814E-01,  2.0479844360212437E-01,  6.4890732294554422E-03,  2.9440113984005345E-01, -3.2589081284389027E-01,  1.2571867255317476E-01,  1.0493149435112925E-01,  2.5647384232861692E-01, -4.4271989755030833E-01,  3.9805085741513389E-02,  1.8930186184669257E-01,  2.2202485602890470E-01, -5.4897222373735499E-01, -5.1119221669498956E-02,  2.6443338459504762E-01,  1.8625895766483860E-01
  2.0000000000000000E+00, -4.5843697662976124E-01,  1.4523612656999094E-01, -4.9935561562826414E-01,  3.5955354994215954E-01,  4.8529824972813405E-02,  2.6955482031550565E-01, -2.2597831362620974E-01,  2.7590269653720817E-01,  4.2604171226187607E-02,  2.3820292554370942E-01, -1.4945609999460691E-01,  2.0869540522369462E-01,  3.4936183399103100E-02,  2.0440101816663592E-01, -1.1360025131775986E-01,  1.6584315827134449E-01,  2.9866165482582994E-02,  1.7809355394254450E-01, -9.1400553032996767E-02,  1.3714551774226474E-01,  2.6090221112319938E-02,  1.5726773603931510E-01, -7.6362215740481104E-02,  1.1672548125395402E-01
  2.0500000000000003E+00, -4.5701771328820723E-01,  1.4045909607470938E-01, -5.1767608860653591E-01,  2.8915547463185204E-01,  1.6245675289293363E-01,  2.5079672495291067E-01, -2.9847533533975973E-01,  1.5945980603051604E-01,  2.7363901560261900E-01,  1.9149212971674714E-01, -2.4541321784949896E-01,  1.4456960510210603E-02,  3.7057799310987904E-01,  1.1289919290554805E-01, -2.2447605960312197E-01, -1.1361583316790136E-01,  4.5893706841066378E-01,  2.8114940358584348E-02, -2.0846764753514541E-01, -2.3025485924576303E-01,  5.3579910819780929E-01, -6.1574732182871621E-02, -1.9207648634568739E-01, -3.3757651667456784E-01
  2.1000000000000001E+00, -4.5300800492251003E-01,  1.3537956977075002E-01, -5.3223507847986995E-01,  2.1010341848151134E-01,  2.7003063387322823E-01,  2.1197429198284559E-01, -3.4350777976026481E-01,  9.2276828805825922E-03,  4.6942026608469523E-01,  8.0954593513604414E-02, -2.7548790006896445E-01, -2.3610337598240660E-01,  6.0717116934152926E-01, -9.2247606495283727E-02, -2.1748085861571756E-01, -4.4780808594076310E-01,  6.8243933578173765E-01, -2.7265455845429476E-01, -1.4926577730449991E-01, -6.1007799241600547E-01,  6.8850859022593602E-01, -4.3648781523909502E-01, -7.2716654084952009E-02, -7.1013547578734781E-01
  2.1499999999999999E+00, -4.4643821975202563E-01,  1.3016323522030776E-01, -5.4303078433587648E-01,  1.2405500984371480E-01,  3.6817617687121307E-01,  1.5648205131771559E-01, -3.6104580194222141E-01, -1.5826796970855123E-01,  6.1022788659856897E-01, -6.7288513429821242E-02, -2.4469230267494657E-01, -4.7880205291997030E-01,  6.9426494879218015E-01, -3.2349449024189220E-01, -1.1690247664460060E-01, -6.8463519994645561E-01,  6.2052475855274569E-01, -5.2525273825759300E-01,  1.8994491296581237E-02, -7.3327460366387698E-01,  4.0777954570697011E-01, -6.1363184695871020E-01,  1.4031407173092120E-01, -6.1808660114478242E-01
  2.2000000000000002E+00, -4.3734345439422323E-01,  1.2497901030760952E-01, -5.5009499326407518E-01,  3.2730685286473223E-02,  4.5406932196265321E-01,  8.8091578726707725E-02, -3.5203362567333035E-01, -3.2646525177678704E-01,  6.8187794329040485E-01, -2.2584552098351240E-01, -1.6402343954902446E-01, -6.5742032553935825E-01,  6.1447140842589087E-01, -5.0018626167548030E-01,  3.5302548784011456E-02, -7.2251991352211564E-01,  3.0333681070532825E-01, -5.8494587979909785E-01,  1.9753602820904301E-01, -5.0196378348866522E-01, -1.2770778654599116E-01, -4.2980834375976512E-01,  2.7478834342479930E-01, -8.9108293906828381E-02
  2.2500000000000000E+00, -4.2576346528714604E-01,  1.1999891942170440E-01, -5.5349376278395068E-01, -6.2112091039821675E-02,  5.2522864701302530E-01,  1.0852611961520077E-02, -3.1844039989311007E-01, -4.7970504437192135E-01,  6.7738784043924349E-01, -3.6849891133398471E-01, -4.9809922549937151E-02, -7.3161937599922522E-01,  3.8824645703093558E-01, -5.6409180807554571E-01,  1.8769951904927631E-01, -5.3614726762105880E-01, -1.3884566149689190E-01, -4.0804791066348850E-01,  2.9256870120840189E-01, -2.1680554016206114E-02, -5.8804009648722400E-01,  1.6706445968496110E-02,  2.2716159806907166E-01,  4.9531716717797580E-01
  2.3000000000000003E+00, -4.1174257373998352E-01,  1.1539797041791534E-01, -5.5332786787079669E-01, -1.5870619216220044E-01,  5.7959536167900938E-01, -7.1028996779277070E-02, -2.6323524099532392E-01, -6.0417484418235567E-01,  5.9782414785639360E-01, -4.7282879092078106E-01,  7.8046157579931011E-02, -6.8277144212852692E-01,  6.9552421889395089E-02, -4.9131403743016011E-01,  2.9194622533260917E-01, -1.8040544963003824E-01, -5.2679969529399484E-01, -6.2660543519375528E-02,  2.5451907253196526E-01,  4.6310819165545586E-01, -6.9098671482419971E-01,  4.4526746518120380E-01,  2.5851087890555215E-02,  7.0188341527719134E-01
  2.3500000000000001E+00, -3.9532954502686773E-01,  1.1135403646285182E-01, -5.4973301675762254E-01, -2.5530325023506673E-01,  6.1559957903760021E-01, -1.5332922963605738E-01, -1.9029210837773153E-01, -6.8876909598206459E-01,  4.5225073095290913E-01, -5.2257653453448083E-01,  1.9857052344737650E-01, -5.1637152396634844E-01, -2.6647724649717136E-01, -2.9656372351685550E-01,  3.1542551474935937E-01,  2.3036019104309477E-01, -7.0379162674505524E-01,  3.0525111921510084E-01,  9.8925261070966386E-02,  7.0162051994759123E-01, -3.7309300673691193E-01,  5.8170801281107909E-01, -1.9191920394764009E-01,  3.7781131323151212E-01
  2.4000000000000004E+00, -3.7657744198686566E-01,  1.0804774693916218E-01, -5.4287984188269911E-01, -3.5020260589205426E-01,  6.3221094850998727E-01, -2.3195221411569600E-01, -1.0423300089100013E-01, -7.2578811006280741E-01,  2.5678990847185351E-01, -5.0937383373393619E-01,  2.9252168354974595E-01, -2.6041140069696961E-01, -5.4092368667881630E-01, -2.8143651861714282E-02,  2.4989314309757896E-01,  5.6175949716011142E-01, -5.9826476767636927E-01,  5.3765070591137010E-01, -1.0210211286748312E-01,  5.7041800647728802E-01,  1.7208041126343540E-01,  3.3921485110465593E-01, -2.7645031268796161E-01, -2.3164038995904013E-01
  2.4500000000000002E+00, -3.5554345363926410E-01,  1.0566239165452519E-01, -5.3297367455678435E-01, -4.4178026087704447E-01,  6.2897218883651596E-01, -3.0307732712333241E-01, -1.0220532805787315E-02, -7.1141292786697541E-01,  3.2903778302049574E-02, -4.3356541508495133E-01,  3.4503705052760864E-01,  4.0106830430972761E-02, -6.8941690319200999E-01,  2.4536734540796470E-01,  1.1341241439342920E-01,  7.0481987692750347E-01, -2.5243720627538108E-01,  5.3442610151428460E-01, -2.5445394183067421E-01,  1.3916191306201120E-01,  6.1220296324951617E-01, -1.2404949272305391E-01, -1.6966337810704391E-01, -6.6692880115627051E-01
  2.5000000000000000E+00, -3.3228869936830180E-01,  1.0438384266529285E-01, -5.2025411412863576E-01, -5.2851732417324448E-01,  6.0601456210420268E-01, -3.6329975396272846E-01,  8.6286926470888273E-02, -6.4591269934082129E-01, -1.9491381064178118E-01, -3.0398537593897740E-01,  3.4769615671214110E-01,  3.3159915834227249E-01, -6.7711078169077321E-01,  4.5344366437335687E-01, -5.5117707150878513E-02,  6.1265392931657681E-01,  1.9476176633664655E-01,  2.9759394362495811E-01, -2.8665446700947989E-01, -3.6546990082033337E-01,  6.7893303930564330E-01, -5.0705265922180620E-01,  5.4491507016463936E-02, -5.9997835488265872E-01
  2.5500000000000003E+00, -3.0687800927445058E-01,  1.0440049808872527E-01, -5.0499440461747580E-01, -6.0902746486893389E-01,  5.6405486330452803E-01, -4.0975765840124345E-01,  1.7980282890651625E-01, -5.3356300126479284E-01, -4.0178111572488967E-01, -1.3669236893138523E-01,  2.9967349436792406E-01,  5.6179106931792600E-01, -5.0678536905695426E-01,  5.4228216084338077E-01, -2.0733993606437942E-01,  3.1629135317375329E-01,  5.6359499514590172E-01, -6.9292284756910114E-02, -1.8368006310886772E-01, -6.7850176845356502E-01,  3.3160342242490698E-01, -5.6104655784836810E-01,  2.4103098136073695E-01, -8.1142272418985542E-02
  2.6000000000000001E+00, -2.7937968133044982E-01,  1.0590325233946778E-01, -4.8750063394415638E-01, -6.8208291654461695E-01,  5.0437404779057171E-01, -4.4023986530868958E-01,  2.6508718144095017E-01, -3.8227655309637559E-01, -5.6511886889030660E-01,  4.7189640935195308E-02,  2.0779538904843878E-01,  6.8931017947391393E-01, -2.1817439078619552E-01,  4.8900317721329506E-01, -2.9948298997666117E-01, -8.5504627740495234E-02,  7.0580515656015608E-01, -4.0613752543243392E-01,  5.8896051035768251E-03, -6.3559191012925587E-01, -2.1795997358191088E-01, -2.5092100036864062E-01,  2.6100470170476670E-01,  4.9879346320484402E-01
  2.6500000000000004E+00, -2.4986521601898909E-01,  1.0908549728633866E-01, -4.6811077301676729E-01, -7.4663861774262374E-01,  4.2877816409528025E-01, -4.5326893016652103E-01,  3.3741279997411205E-01, -2.0297034994443131E-01, -6.6709326530963342E-01,  2.2425793461069216E-01,  8.5482500361247382E-02,  6.9126103520708959E-01,  1.2133049609733401E-01,  3.0771478208304237E-01, -3.0504554733248734E-01, -4.5900266141473950E-01,  5.6423450135054387E-01, -5.6602019270233739E-01,  1.9271884285134305E-01, -2.5921554275409897E-01, -6.3460888901431123E-01,  2.2205284082190402E-01,  1.0059712231050175E-01,  7.0300051699644406E-01
  2.7000000000000002E+00, -2.1840902916508967E-01,  1.1414315888513633E-01, -4.4719357399963711E-01, -8.0185412065211881E-01,  3.3954278476866384E-01, -4.4815563507373918E-01,  3.9280815158164945E-01, -8.7137133067538772E-03, -6.9654488058419717E-01,  3.7189339423237089E-01, -4.9272056082789777E-02,  5.6742144859790378E-01,  4.3243044297996885E-01,  4.5880467351242064E-02, -2.2247400843004719E-01, -6.7992849391155730E-01,  1.9581245710300643E-01, -4.7920109965516111E-01,  2.8878022972142575E-01,  2.5315158918286296E-01, -6.6425457002122557E-01,  5.5088524487820278E-01, -1.2933266622511519E-01,  3.7766447708191453E-01
  2.7500000000000000E+00, -1.8508814370974913E-01,  1.2127477390299317E-01, -4.2514734910791441E-01, -8.4711295495368788E-01,  2.3934261671385271E-01, -4.2502226473727162E-01,  4.2826331539122359E-01,  1.8628132379951537E-01, -6.5019287379108215E-01,  4.7120914628312482E-01, -1.7659386053478540E-01,  3.4030741937305536E-01,  6.4244742822346701E-01, -2.2804664747567305E-01, -7.5626666707179449E-02, -6.7476213997560641E-01, -2.5132777174869531E-01, -1.8350500763378141E-01,  2.4881151579804156E-01,  6.3266229792467388E-01, -2.8881907339596674E-01,  5.2213998932804584E-01, -2.6987307067499933E-01, -2.3214762488747351E-01
  2.8000000000000003E+00, -1.4998186120176443E-01,  1.3068161141039100E-01, -4.0239865321331320E-01, -8.8203919514839368E-01,  1.3116840958306622E-01, -3.8479342722201559E-01,  4.4188774662133090E-01,  3.6775376238252272E-01, -5.3298266200382105E-01,  5.0950899405485495E-01, -2.7769189306314823E-01,  5.1099473296434994E-02,  7.0230198430955348E-01, -4.4248486718294655E-01,  9.3104909460971830E-02, -4.4516513422178700E-01, -5.9740129233566086E-01,  1.9217862014532835E-01,  9.1631321075066136E-02,  6.8016884996458604E-01,  2.6273945569153379E-01,  1.5447685671525049E-01, -2.2389045020390605E-01, -6.6708206614079679E-01
  2.8500000000000001E+00, -1.1317141381184229E-01,  1.4256784377942933E-01, -3.7940089541318905E-01, -9.0651104688536621E-01,  1.8233652333535157E-02, -3.2915463710381115E-01,  4.3301126886338098E-01,  5.2249154532504849E-01, -3.5753830046918939E-01,  4.8194125415100253E-01, -3.3765966302119604E-01, -2.4782881309249830E-01,  5.9797434971369456E-01, -5.4141027567799083E-01,  2.3502955132967476E-01, -6.7408172911878214E-02, -7.0324766215121925E-01,  4.8408806318599595E-01, -1.0873034447201396E-01,  3.7071365766393827E-01,  6.5405065717598809E-01, -3.1345905615209446E-01, -2.3160822207090370E-02, -5.9950427456213373E-01
  2.9000000000000004E+00, -7.4739597696885818E-02,  1.5714077199237714E-01, -3.5663290649892199E-01, -9.2067133996249606E-01, -9.6126157788157640E-02, -2.6048031505786590E-01,  4.0222290957201057E-01,  6.3935338402037367E-01, -1.4277795537865728E-01,  3.9213666338525560E-01, -3.4769945883827658E-01, -5.0242539251031471E-01,  3.5377057706968923E-01, -4.9898511211096769E-01,  3.0921357450733766E-01,  3.3301752086815151E-01, -5.2627016497638035E-01,  5.6498194009829550E-01, -2.5791105245281509E-01, -1.3339217918635449E-01,  6.4645542356794694E-01, -5.7793948416479157E-01,  1.9359499441541925E-01, -8.0278326248594448E-02
  2.9500000000000002E+00, -3.4770388562585727E-02,  1.7461111013403313E-01, -3.3459749095584740E-01, -9.2493489191375455E-01, -2.0855868227811664E-01, -1.8173422015334512E-01,  3.5134567128432553E-01,  7.1014016688230763E-01,  8.8158460934544533E-02,  2.5174961449900424E-01, -3.0644186067109913E-01, -6.6679457660928687E-01,  2.6628407556743984E-02, -3.2630627369772663E-01,  2.9430488636372559E-01,  6.2317217659905610E-01, -1.3754380455159024E-01,  3.9961197533627252E-01, -2.8567730712720757E-01, -5.6777495660141297E-01,  2.4453259645547487E-01, -4.6730180653519554E-01,  2.7659467545208533E-01,  4.9958088704339360E-01
  3.0000000000000000E+00,  6.6514597114099832E-03,  1.9519333401631042E-01, -3.1381999373283698E-01, -9.1999278548770325E-01, -3.1580123938188209E-01, -9.6346564498427115E-02,  2.8334891934357304E-01,  7.3025327313145172E-01,  3.1044609425979208E-01,  7.8963196094316845E-02, -2.2016704209288263E-01, -7.1157413269937786E-01, -3.0721077871274255E-01, -6.8511343467868746E-02,  1.9471408919842129E-01,  7.0694774172782204E-01,  3.0679390843518833E-01,  6.0096037643062927E-02, -1.7902955437227547E-01, -7.0480164401793022E-01, -3.0672935475622615E-01, -5.3379358857962737E-02,  1.6853423275554855E-01,  7.0352628965827879E-01
  3.0500000000000003E+00,  4.9438061065474617E-02,  2.1902476840701965E-01, -2.9471615519409666E-01, -9.0643035446449916E-01, -4.1465392848483246E-01, -8.0329705859514180E-03,  2.0208552100182259E-01,  6.9878940872682915E-01,  5.0017379054072464E-01, -1.0388080714312553E-01, -1.0180606647247942E-01, -6.2904860701028453E-01, -5.6992889753547316E-01,  2.0702934483278682E-01,  3.9292874152846276E-02,  5.5686378011875470E-01,  6.2825380495374861E-01, -3.0553168034061040E-01,  1.1707849334213909E-02, -4.7290026571585392E-01, -6.7128742199118574E-01,  3.9513260885743040E-01, -5.5830460732824980E-02,  3.7822233054085924E-01
  3.1000000000000001E+00,  9.3490515542680355E-02,  2.4592208714760194E-01, -2.7719852791006611E-01, -8.8357573869603701E-01, -5.0168474232788218E-01,  7.9478743342694586E-02,  1.1174408954821086E-01,  6.1774160980663007E-01,  6.3658186806932271E-01, -2.7325718133608023E-01,  3.1231615192944245E-02, -4.3373547870465112E-01, -6.9996760483163023E-01,  4.2838412755566091E-01, -1.2720452800767498E-01,  2.2245512959730898E-01,  6.9744002969141916E-01, -5.3791388890143099E-01,  1.9677186668401264E-01,  6.5750120945438110E-03, -6.2668500366596336E-01,  5.8713347129688043E-01, -2.4150427117757811E-01, -2.3158100154254341E-01
  3.1500000000000004E+00,  1.3870767045883090E-01,  2.7562587279512452E-01, -2.6106754354444406E-01, -8.5064576212105636E-01, -5.7371628967940291E-01,  1.6248618437304871E-01,  1.6971619589418122E-02,  4.9273457610620158E-01,  7.0469062035199914E-01, -4.0740293708747854E-01,  1.5938720714208263E-01, -1.6055702115768772E-01, -6.6674780469756900E-01,  5.3777169261855995E-01, -2.5682769174411446E-01, -1.8544754961021251E-01,  4.8638998082597712E-01, -5.3577753688848606E-01,  2.8906571083569815E-01,  4.8233097883913162E-01, -2.0000370334192433E-01,  3.9801748376014001E-01, -2.6022140994964182E-01, -6.6678088598786145E-01
  3.2000000000000002E+00,  1.8498935191124369E-01,  3.0788258805960800E-01, -2.4614116229603322E-01, -8.0712235371396313E-01, -6.2803832944178761E-01,  2.3742885560988897E-01, -7.7265865127227176E-02,  3.3287232284612028E-01,  6.9704039222325687E-01, -4.8910460175594578E-01,  2.6378799612453974E-01,  1.4129128546098038E-01, -4.7789240170818353E-01,  5.0663332530837879E-01, -3.1222121323591540E-01, -5.3140681754517161E-01,  7.9881318360128656E-02, -3.0007003498838442E-01,  2.4515339901019739E-01,  7.0487118319681941E-01,  3.4860459286329781E-01, -4.9454020868662553E-02, -9.9071214328596530E-02, -5.9965562728351252E-01
  3.2500000000000000E+00,  2.3223683701601322E-01,  3.4244528368359628E-01, -2.3225385179533964E-01, -7.5274262251849255E-01, -6.6247475692124347E-01,  3.0103669567414554E-01, -1.6595330829797472E-01,  1.5003429965625523E-01,  6.1449585511557170E-01, -5.0793187236196702E-01,  3.2906698001632839E-01,  4.1732954046121651E-01, -1.7741208520420490E-01,  3.4309525735678553E-01, -2.7742439211923259E-01, -7.0048524788870503E-01, -3.5868468342368837E-01,  6.6446171013382363E-02,  8.5741497606553516E-02,  5.5749367541203632E-01,  6.8460385306330396E-01, -4.6482942450411868E-01,  1.3055896391041014E-01, -8.0806981694869495E-02
  3.3000000000000003E+00,  2.8035333726957390E-01,  3.7907436727423566E-01, -2.1925564228415007E-01, -6.8748576099725245E-01, -6.7543410039117091E-01,  3.5046416985001538E-01, -2.4429505661695969E-01, -4.2024525745441105E-02,  4.6615572155037249E-01, -4.6159817705690404E-01,  3.4565988079027765E-01,  6.1772488806767700E-01,  1.6460215076229334E-01,  8.9844388165701852E-02, -1.6248643910944913E-01, -6.3650106689232777E-01, -6.5299289851779507E-01,  4.0398542498023415E-01, -1.1406423230941637E-01,  1.1756681658036111E-01,  6.0310260641658542E-01, -5.7849315197824591E-01,  2.6995926481977522E-01,  4.9892240252658793E-01
  3.3500000000000001E+00,  3.2924449200398198E-01,  4.1753842719737772E-01, -2.0701124760945383E-01, -6.1155669701383186E-01, -6.6594149936999136E-01,  3.8340405934414773E-01, -3.0796744965010059E-01, -2.2870276214640020E-01,  2.6837811834604502E-01, -3.5627453363285533E-01,  3.1124157098197047E-01,  7.0637371186954634E-01,  4.6837819142269088E-01, -1.8702828759065440E-01, -5.6765529658951036E-04, -3.6072440523650717E-01, -6.8470518553428883E-01,  5.6538865173032049E-01, -2.6013204251502553E-01, -3.8404655297417473E-01,  1.5381268901597209E-01, -3.1666964585289387E-01,  2.2278417990708882E-01,  7.0284141203937600E-01
  3.4000000000000004E+00,  3.7881887092551547E-01,  4.5761510581902731E-01, -1.9539924254706850E-01, -5.2536648737346126E-01, -6.3365068026042715E-01,  3.9817585416888340E-01, -3.5334190235042789E-01, -3.9563344315138871E-01,  4.3029106370912944E-02, -2.0581868948991280E-01,  2.3109158927258724E-01,  6.6749544644177605E-01,  6.6312883228170527E-01, -4.1530461534906132E-01,  1.6163619772499918E-01,  3.5197723988248573E-02, -4.4103252414921290E-01,  4.8026639129777221E-01, -2.8364093303121357E-01, -6.8411359082868162E-01, -3.8926035109660839E-01,  1.5068819452227200E-01,  2.1639680693751297E-02,  3.7734768764414911E-01
  3.4500000000000002E+00,  4.2898848475176482E-01,  4.9909201657505659E-01, -1.8431128789873236E-01, -4.2950951354302846E-01, -5.7883501891875078E-01,  3.9378461777016288E-01, -3.7766616090645266E-01, -5.2973442928053605E-01, -1.8485240458029428E-01, -3.0022355860160690E-02,  1.1733767552507857E-01,  5.0855055717430531E-01,  7.0363151920801348E-01, -5.3552815574761903E-01,  2.7738383586043847E-01,  4.1973586871027302E-01, -1.9859912660705189E-02,  1.8566973471255308E-01, -1.7349274159100550E-01, -6.2514007345792200E-01, -6.9490695169090755E-01,  5.2020875257958010E-01, -1.9445071907454056E-01, -2.3236882395141345E-01
  3.5000000000000000E+00,  4.7966930299271227E-01,  5.4176769956604387E-01, -1.7365139568256338E-01, -3.2473760197467377E-01, -5.0235736470785841E-01,  3.6994731220361021E-01, -3.7919339022104620E-01, -6.2014747119940283E-01, -3.8971501630815625E-01,  1.4789264702323951E-01, -1.2806437379089434E-02,  2.5896386795985593E-01,  5.8085911574987292E-01, -5.1657873114428854E-01,  3.1340267573442587E-01,  6.6525872996415669E-01,  4.0964370081008611E-01, -1.9008762898727857E-01,  1.8472164967281046E-02, -2.3798612690283691E-01, -5.7668029353375028E-01,  5.5200549277006183E-01, -2.7612599300988672E-01, -6.6700964446068833E-01
  3.5500000000000003E+00,  5.3078177795754455E-01,  5.8545261061250697E-01, -1.6333522756409813E-01, -2.1193124641214700E-01, -4.0561887715997647E-01,  3.2708479853573025E-01, -3.5725124489864896E-01, -6.5899225906379610E-01, -5.4818463688332875E-01,  3.0419968169091088E-01, -1.3954205580214860E-01, -3.5100902792556080E-02,  3.2419438217021418E-01, -3.6387717904559719E-01,  2.5953369036348550E-01,  6.9055719570624463E-01,  6.7510918223988303E-01, -4.8341622543394075E-01,  2.0191878625910448E-01,  2.7437528759458468E-01, -1.0656239461680461E-01,  2.2535884636461076E-01, -1.6690611801565597E-01, -5.9911755312046233E-01
  3.6000000000000001E+00,  5.8225137411008920E-01,  6.2997013896645226E-01, -1.5328942045579849E-01, -9.2068156743088311E-02, -2.9048767474570736E-01,  2.6627899993176413E-01, -3.1224593643583393E-01, -6.4187428319125506E-01, -6.4148176289162506E-01,  4.1762720241176898E-01, -2.4334652441049970E-01, -3.1894677454711384E-01, -5.2634743042897824E-03, -1.1809826453666306E-01,  1.3173557920070611E-01,  4.8800091280131558E-01,  6.7040192490786299E-01, -5.6686438690713181E-01,  2.9061847919901168E-01,  6.4346281410381978E-01,  4.2901235626496492E-01, -2.4789369488336160E-01,  5.7796992129709623E-02, -7.9684739098722632E-02
  3.6500000000000004E+00,  6.3400910194283111E-01,  6.7515764915990439E-01, -1.4345093394927907E-01,  3.3810602495167992E-02, -1.5920859586217134E-01,  1.8919597310422048E-01, -2.4559936624823661E-01, -5.6810207140416391E-01, -6.5728994556073628E-01,  4.7195797043961213E-01, -3.0775838361174696E-01, -5.3900970435134643E-01, -3.2869504903405644E-01,  1.5523691841693299E-01, -3.2397040824967194E-02,  1.2635086610679844E-01,  3.9854934036976336E-01, -4.0487465744310674E-01,  2.4316349240472263E-01,  6.7637428133707811E-01,  7.0401164464992572E-01, -5.6099337664374371E-01,  2.4285709786567092E-01,  5.0038512784834199E-01
  3.7000000000000002E+00,  6.8599205559157239E-01,  7.2086754277960174E-01, -1.3376641493816410E-01,  1.6463659174548767E-01, -1.4295806199171736E-02,  9.7976815025043226E-02, -1.5962046186902545E-01, -4.4058896107384526E-01, -5.9085330176170658E-01,  4.5791301469678308E-01, -3.2165681793640644E-01, -6.5218453994916903E-01, -5.6752278183860450E-01,  3.8251173376666436E-01, -1.8427009803791536E-01, -2.7161037156360934E-01, -2.8987250594049521E-02, -6.9669710042452371E-02,  8.2664621891765169E-02,  3.5744662455533976E-01,  5.5202512304339968E-01, -5.1168210871312614E-01,  2.6078304936475882E-01,  7.0504182110653302E-01
  3.7500000000000000E+00,  7.3814395347106521E-01,  7.6696833629078998E-01, -1.2419157544185935E-01,  2.9935178304693422E-01,  1.4158966348872873E-01, -4.9006250404070818E-03, -5.7314741222047862E-02, -2.6543537121467659E-01, -4.4515712462928719E-01,  3.7404974689560500E-01, -2.8067267274262236E-01, -6.3304642085580543E-01, -6.6103308911103398E-01,  5.0063394694470398E-01, -2.7794606527820298E-01, -5.6901797436219548E-01, -4.3619284490373428E-01,  2.8947614452330250E-01, -1.1374873915347757E-01, -1.4260173346915897E-01,  6.8625782126393503E-02, -1.3419268246947361E-01,  1.0015325599701644E-01,  3.8231613504521095E-01
  3.8000000000000003E+00,  7.9041568127515371E-01,  8.1334575139190624E-01, -1.1469058025273941E-01,  4.3694783434870538E-01,  3.0577511548343123E-01, -1.1678541069717044E-01,  5.7861350410158587E-02, -5.1207783572868426E-02, -2.3013475086440704E-01,  2.2651889785513102E-01, -1.8748551129409660E-01, -4.7754621609173864E-01, -5.7936339984195984E-01,  4.7249561545318125E-01, -2.8276575477787264E-01, -6.5884004098429683E-01, -6.5148736534054763E-01,  5.0982935823454190E-01, -2.5048231268095839E-01, -5.5431210281927967E-01, -4.4495442015476766E-01,  3.2135143290221030E-01, -1.2573448025610204E-01, -2.1932098917261461E-01
  3.8500000000000001E+00,  8.4276583675451278E-01,  8.5990381476659328E-01, -1.0523544160211047E-01,  5.7650653543815855E-01,  4.7572164990324722E-01, -2.3503814397713774E-01,  1.8229281056204302E-01,  1.9205148036637681E-01,  3.9064997423085751E-02,  2.7655040303798638E-02, -5.0909281701931743E-02, -2.0233841380753792E-01, -3.2852943326958772E-01,  2.9495678218809063E-01, -1.9109958134340471E-01, -4.9660396672191742E-01, -5.7331992900519479E-01,  4.8323583149558136E-01, -2.5693801006516437E-01, -6.4680867627814986E-01, -6.6115584959046270E-01,  5.4757625363938200E-01, -2.5538541735568543E-01, -6.3349060220534814E-01
  3.9000000000000004E+00,  8.9516127575977666E-01,  9.0656596451025062E-01, -9.5805418574439707E-02,  7.1724112439377807E-01,  6.4917741771011017E-01, -3.5723182881459270E-01,  3.1253536315415609E-01,  4.5403579891678009E-01,  3.4463378888869850E-01, -2.0649864526092279E-01,  1.1617640542581287E-01,  1.6039969472929591E-01,  5.4155426925978099E-02, -3.1987712662792361E-03, -1.8658075404596016E-02, -1.1004331149469475E-01, -2.0453638294172904E-01,  1.9758201076673823E-01, -1.1760683381675748E-01, -3.4040851001017058E-01, -4.1609967771422152E-01,  3.7086402296970661E-01, -1.8652327067230631E-01, -5.1584560328031792E-01
  3.9500000000000002E+00,  9.4757765911840675E-01,  9.5327616094493972E-01, -8.6386419495200067E-02,  8.5853820061186403E-01,  8.2433630985873541E-01, -4.8136427564135820E-01,  4.4567142369490081E-01,  7.2555101682157219E-01,  6.6930608721738605E-01, -4.5952851038057974E-01,  2.9985836512844066E-01,  5.7212186497510753E-01,  5.1397041850310154E-01, -3.7358396666824784E-01,  2.0330156756890747E-01,  4.1935262050700711E-01,  3.6108136945188629E-01, -2.6906873014866339E-01,  1.2699921866300595E-01,  2.6947848889151038E-01,  2.1221880025953282E-01, -1.5544518558360143E-01,  6.3120739867148820E-02,  1.2443508601103961E-01
  4.0000000000000000E+00,  1.0000000000000000E+00,  1.0000000000000000E+00, -7.6970405975588546E-02,  1.0000000000000000E+00,  1.0000000000000000E+00, -6.0607773659308040E-01,  5.7968301780098019E-01,  1.0000000000000000E+00,  1.0000000000000000E+00, -7.1858797857844081E-01,  4.8890618824447540E-01,  1.0000000000000000E+00,  1.0000000000000000E+00, -7.6889858801336619E-01,  4.4261160923272796E-01,  1.0000000000000000E+00,  1.0000000000000000E+00, -8.0434716302040332E-01,  4.1227364376041764E-01,  1.0000000000000000E+00,  1.0000000000000000E+00, -8.3034095111519912E-01,  3.9139092212759519E-01,  1.0000000000000000E+00
